epoch,val_acc
1,0.36813186813186816
2,0.35302197802197804
