epoch,total_loss,hash_loss,quant_loss,cls_loss,val_acc
1,0.8553273601409717,0.22375989800844437,0.23720846802760392,0.3794362128545076,0.9478021978021978
