best_epoch,best_val_acc,final_loss,loss_drop_rate,acc_improvement,convergence_epoch
16,0.9546703296703297,0.29593552075899565,69.73864659795963,0.13736263736263687,2
