best_epoch,best_val_acc,final_loss,loss_drop_rate,acc_improvement
16,0.9532903296703297,0.29593552075899565,69.73864659795963,0.13736263736263687
