epoch,total_loss,hash_loss,quant_loss,cls_loss,val_acc
1,0.8948768789951618,0.21570825844238967,0.2381660766326464,0.3984962495473715,0.9478021978021978
