epoch,val_acc
1,0.3227665706051873
2,0.3227665706051873
3,0.31556195965417866
4,0.2896253602305475
5,0.27953890489913547
